Name of the student,Register Number,No of problems solved,If no reason,Current Rating,Highest Rating,Division,Star Rating,Global Rating,Country Rating
"KANISHK M","711525BCS064",2,"",1371,1411,4,1,7884,19515
"BHARATHKUMAR A K","711525BCS016",2,"",817,959,4,1,23441,179535
"DHAKSHITHAA SHRI J R","711525BCS024",0,"Uninformed Absent / No submission in contest",1000,1050,4,1,14866,46205
"KAMESH M","711525BCS063",0,"Uninformed Absent / No submission in contest",1000,1050,4,1,18900,48095
"HEMASRI S","711525BCS044",0,"Uninformed Absent / No submission in contest",1000,1050,4,1,35372,11943
"HARISIVAM S","711525BCS042",0,"Uninformed Absent / No submission in contest",1000,1050,4,1,35514,45584
"AJO LIMIS A L","711525BCS007",0,"Uninformed Absent / No submission in contest",1000,1050,4,1,,
"JOSHINI SRI S","711525BCS056",0,"Uninformed Absent / No submission in contest",1000,1050,4,1,40845,28666
"KEERTHANA R","711525BCS072",0,"Uninformed Absent / No submission in contest",1000,1050,4,1,52548,43335
"BARANI V","711525BCS015",0,"Uninformed Absent / No submission in contest",1000,1050,4,1,40380,48867
"KIRUBA SAHAR R","711525BCS075",0,"Uninformed Absent / No submission in contest",1000,1050,4,1,,
"AKASH S","711525BCS008",0,"Uninformed Absent / No submission in contest",1000,1050,4,1,,
"KRISHNARAJ S","711525BCS079",0,"Uninformed Absent / No submission in contest",1000,1050,4,1,,
"DEEPIKA J","711525BCS021",0,"Uninformed Absent / No submission in contest",1000,1050,4,1,,
"BABY SRUTHI R","711525BCS013",0,"Uninformed Absent / No submission in contest",1000,1050,4,1,,
"JOY ANGELINE P","711525BCS058",0,"Uninformed Absent / No submission in contest",1000,1050,4,1,,
"JENILIA GRACY A","711525BCS051",0,"Uninformed Absent / No submission in contest",1000,1050,4,1,,
"ASHVIJA S S","711525BCS012",0,"Uninformed Absent / No submission in contest",1000,1050,4,1,,
"HARIDASS P","711525BCS039",0,"Uninformed Absent / No submission in contest",1000,1050,4,1,,
"JABARSON D M","711525BCS046",0,"Uninformed Absent / No submission in contest",1000,1050,4,1,,
"GOKILADEVI P","711525BCS036",0,"Uninformed Absent / No submission in contest",1000,1050,4,1,,